{"accuracy": [0.29651594161987305, 0.5343773365020752, 0.6389918327331543, 0.6916234493255615, 0.7365640997886658, 0.7716827392578125, 0.8095811605453491, 0.8282060623168945, 0.8493328094482422, 0.8780578374862671, 0.8923276662826538, 0.899091899394989, 0.9148443341255188, 0.9269829392433167, 0.9395848512649536, 0.94820237159729, 0.953484058380127, 0.9585804343223572, 0.9613602757453918, 0.9595070481300354, 0.970163106918335, 0.9736841917037964, 0.9740548729896545, 0.9736841917037964, 0.9799851775169373, 0.9778539538383484, 0.9720163345336914, 0.981745719909668, 0.9787805676460266, 0.9841549396514893], "loss": [1.8888906240463257, 1.3124234676361084, 1.0393024682998657, 0.8798457980155945, 0.764047384262085, 0.6637638211250305, 0.5619699954986572, 0.5013399124145508, 0.43775078654289246, 0.36429551243782043, 0.3123442232608795, 0.2941708266735077, 0.24889498949050903, 0.21355590224266052, 0.1754108965396881, 0.1618729829788208, 0.14105021953582764, 0.12351956963539124, 0.11106409132480621, 0.11808978021144867, 0.08885668963193893, 0.08307698369026184, 0.08072847872972488, 0.08289732038974762, 0.055891577154397964, 0.0644821748137474, 0.08497787266969681, 0.0565267875790596, 0.06820083409547806, 0.04993889853358269]}